{
  "experiment": "exp1",
  "evaluation_level": "dataset",
  "split": "dev",
  "timestamp": "2026-03-05 08:17:05",
  "model_name": "gpt-4o-mini",
  "configuration": null,
  "models": null,
  "base_models": null,
  "num_dialogues": 110,
  "failed_dialogues": 0,
  "task_success_rate": 0.0,
  "avg_intent_accuracy": 0.8894155844155843,
  "avg_domain_accuracy": 0.9702813852813852,
  "avg_action_type_accuracy": 0.22097402597402596,
  "avg_action_type_f1": 0.3937770562770561,
  "avg_slot_accuracy": 0.7065332976307002,
  "avg_slot_f1": 0.6679377495497002,
  "avg_jga": 0.1577056277056277,
  "avg_hallucination_rate": 0.007352941176470588,
  "avg_system_correctness": 0.8282900432900432,
  "policy_violation_rate": 0.18527918781725888,
  "total_policy_violations": 73,
  "total_cost": 0.12873420000000005,
  "avg_latency_per_turn": 5.306392695092913,
  "inform_rate": 7.3,
  "success_rate": 0.9,
  "bleu": 2.043,
  "combined": 6.143
}