{
  "experiment": "exp1",
  "evaluation_level": "dataset",
  "split": "dev",
  "timestamp": "2026-03-05 09:25:44",
  "model_name": "claude-3-haiku-20240307",
  "configuration": null,
  "models": null,
  "base_models": null,
  "num_dialogues": 109,
  "failed_dialogues": 0,
  "task_success_rate": 0.0,
  "avg_intent_accuracy": 0.8772025629823796,
  "avg_domain_accuracy": 0.9293614387651085,
  "avg_action_type_accuracy": 0.11363040629095675,
  "avg_action_type_f1": 0.3992257657395273,
  "avg_slot_accuracy": 0.7611760162923334,
  "avg_slot_f1": 0.7148067738100516,
  "avg_jga": 0.177391874180865,
  "avg_hallucination_rate": 0.009036144578313253,
  "avg_system_correctness": 0.8689638852482889,
  "policy_violation_rate": 0.13349514563106796,
  "total_policy_violations": 55,
  "total_cost": 0.30463775,
  "avg_latency_per_turn": 4.001854685903753,
  "inform_rate": 7.3,
  "success_rate": 0.9,
  "bleu": 1.4303,
  "combined": 5.5303
}