{
  "experiment": "exp2",
  "evaluation_level": "dataset",
  "split": "dev",
  "timestamp": "2026-03-05 13:22:03",
  "model_name": "hetero_claude_gpt_claude",
  "configuration": "hetero_claude_gpt_claude",
  "models": {
    "triage": "claude-3-haiku-20240307",
    "action": "gpt-4o-mini",
    "supervisor": "claude-3-haiku-20240307"
  },
  "base_models": null,
  "num_dialogues": 109,
  "failed_dialogues": 0,
  "task_success_rate": 0.0,
  "avg_intent_accuracy": 0.7261031017911752,
  "avg_domain_accuracy": 0.9570445609436434,
  "avg_action_type_accuracy": 0.23880515508955874,
  "avg_action_type_f1": 0.4130934177952528,
  "avg_slot_accuracy": 0.5720334137732566,
  "avg_slot_f1": 0.5596276656527153,
  "avg_jga": 0.08047182175622541,
  "avg_hallucination_rate": 0.006510416666666666,
  "avg_system_correctness": 0.9702490170380079,
  "policy_violation_rate": 0.022332506203473945,
  "total_policy_violations": 9,
  "total_cost": 0.2481099,
  "avg_latency_per_turn": 4.195652074908501,
  "inform_rate": 7.3,
  "success_rate": 0.9,
  "bleu": 1.4125,
  "combined": 5.5125
}