{
  "experiment": "exp2",
  "evaluation_level": "dataset",
  "split": "dev",
  "timestamp": "2026-03-05 17:05:12",
  "model_name": "hetero_gpt_gpt_claude",
  "configuration": "hetero_gpt_gpt_claude",
  "models": {
    "triage": "gpt-4o-mini",
    "action": "gpt-4o-mini",
    "supervisor": "claude-3-haiku-20240307"
  },
  "base_models": null,
  "num_dialogues": 109,
  "failed_dialogues": 0,
  "task_success_rate": 0.0,
  "avg_intent_accuracy": 0.7670380078636956,
  "avg_domain_accuracy": 0.9880733944954128,
  "avg_action_type_accuracy": 0.29445172564438615,
  "avg_action_type_f1": 0.48371195573030434,
  "avg_slot_accuracy": 0.6431329895894115,
  "avg_slot_f1": 0.5998559147014444,
  "avg_jga": 0.12348186981214507,
  "avg_hallucination_rate": 0.00992063492063492,
  "avg_system_correctness": 0.9580166011358672,
  "policy_violation_rate": 0.03183023872679045,
  "total_policy_violations": 12,
  "total_cost": 0.18334069999999988,
  "avg_latency_per_turn": 13.291637476306379,
  "inform_rate": 7.3,
  "success_rate": 0.9,
  "bleu": 1.1727,
  "combined": 5.2727
}