{
  "experiment": "exp2",
  "evaluation_level": "dataset",
  "split": "dev",
  "timestamp": "2026-03-05 10:56:02",
  "model_name": "homo_gpt",
  "configuration": "homo_gpt",
  "models": {
    "triage": "gpt-4o-mini",
    "action": "gpt-4o-mini",
    "supervisor": "gpt-4o-mini"
  },
  "base_models": null,
  "num_dialogues": 110,
  "failed_dialogues": 0,
  "task_success_rate": 0.0,
  "avg_intent_accuracy": 0.7726190476190475,
  "avg_domain_accuracy": 0.9877272727272727,
  "avg_action_type_accuracy": 0.29435064935064925,
  "avg_action_type_f1": 0.48274891774891776,
  "avg_slot_accuracy": 0.6503765317775057,
  "avg_slot_f1": 0.6047850731407989,
  "avg_jga": 0.12660173160173163,
  "avg_hallucination_rate": 0.00819672131147541,
  "avg_system_correctness": 0.9563419913419913,
  "policy_violation_rate": 0.03367875647668394,
  "total_policy_violations": 13,
  "total_cost": 0.15154439999999997,
  "avg_latency_per_turn": 5.3410073722582405,
  "inform_rate": 7.3,
  "success_rate": 0.9,
  "bleu": 1.4511,
  "combined": 5.5511
}