{
  "experiment": "exp2",
  "evaluation_level": "dataset",
  "split": "dev",
  "timestamp": "2026-03-05 12:08:02",
  "model_name": "homo_claude",
  "configuration": "homo_claude",
  "models": {
    "triage": "claude-3-haiku-20240307",
    "action": "claude-3-haiku-20240307",
    "supervisor": "claude-3-haiku-20240307"
  },
  "base_models": null,
  "num_dialogues": 109,
  "failed_dialogues": 0,
  "task_success_rate": 0.0,
  "avg_intent_accuracy": 0.7358016601135867,
  "avg_domain_accuracy": 0.954543468763652,
  "avg_action_type_accuracy": 0.24705111402359103,
  "avg_action_type_f1": 0.4162953254696375,
  "avg_slot_accuracy": 0.576250736242545,
  "avg_slot_f1": 0.5622610993085021,
  "avg_jga": 0.10775447793796418,
  "avg_hallucination_rate": 0.028113553113553114,
  "avg_system_correctness": 0.9447575360419397,
  "policy_violation_rate": 0.03015075376884422,
  "total_policy_violations": 12,
  "total_cost": 0.32396650000000005,
  "avg_latency_per_turn": 4.0845601097423225,
  "inform_rate": 7.3,
  "success_rate": 0.9,
  "bleu": 0.8493,
  "combined": 4.9493
}