{
  "experiment": "exp1",
  "evaluation_level": "dataset",
  "split": "dev",
  "timestamp": "2026-03-05 09:25:42",
  "model_name": "claude-3-haiku-20240307",
  "configuration": null,
  "models": null,
  "base_models": null,
  "num_dialogues": 171,
  "failed_dialogues": 0,
  "task_success_rate": 0.3333333333333333,
  "avg_intent_accuracy": 0.8509875277419138,
  "avg_domain_accuracy": 0.9266790714159138,
  "avg_action_type_accuracy": 0.14210315350666228,
  "avg_action_type_f1": 0.40196349459507363,
  "avg_slot_accuracy": 0.6827902683748891,
  "avg_slot_f1": 0.6577862958468045,
  "avg_jga": 0.16904761904761903,
  "avg_hallucination_rate": 0.007062146892655366,
  "avg_system_correctness": 0.8410654160654156,
  "policy_violation_rate": 0.1695906432748538,
  "total_policy_violations": 145,
  "total_cost": 0.6253492500000001,
  "avg_latency_per_turn": 3.8835955750872517,
  "inform_rate": 12.3,
  "success_rate": 1.8,
  "bleu": 1.6118,
  "combined": 8.6618
}