{
  "experiment": "exp1",
  "evaluation_level": "dataset",
  "split": "dev",
  "timestamp": "2026-03-05 08:17:03",
  "model_name": "gpt-4o-mini",
  "configuration": null,
  "models": null,
  "base_models": null,
  "num_dialogues": 171,
  "failed_dialogues": 0,
  "task_success_rate": 0.25396825396825395,
  "avg_intent_accuracy": 0.830476021704092,
  "avg_domain_accuracy": 0.953482612254542,
  "avg_action_type_accuracy": 0.18853910871454727,
  "avg_action_type_f1": 0.33640336812851446,
  "avg_slot_accuracy": 0.6121311010791654,
  "avg_slot_f1": 0.5958144419475986,
  "avg_jga": 0.12661979021628145,
  "avg_hallucination_rate": 0.005376344086021506,
  "avg_system_correctness": 0.7649865404251369,
  "policy_violation_rate": 0.26573426573426573,
  "total_policy_violations": 228,
  "total_cost": 0.2825956499999995,
  "avg_latency_per_turn": 5.4049903396126275,
  "inform_rate": 12.3,
  "success_rate": 1.8,
  "bleu": 2.0272,
  "combined": 9.0772
}