{
  "experiment": "exp2",
  "evaluation_level": "dataset",
  "split": "dev",
  "timestamp": "2026-03-05 13:22:00",
  "model_name": "hetero_claude_gpt_claude",
  "configuration": "hetero_claude_gpt_claude",
  "models": {
    "triage": "claude-3-haiku-20240307",
    "action": "gpt-4o-mini",
    "supervisor": "claude-3-haiku-20240307"
  },
  "base_models": null,
  "num_dialogues": 171,
  "failed_dialogues": 0,
  "task_success_rate": 0.09523809523809523,
  "avg_intent_accuracy": 0.7005951326126764,
  "avg_domain_accuracy": 0.9452115136325664,
  "avg_action_type_accuracy": 0.23626954591866878,
  "avg_action_type_f1": 0.43911138677220546,
  "avg_slot_accuracy": 0.5290804179743542,
  "avg_slot_f1": 0.5259145792797929,
  "avg_jga": 0.07713264643089203,
  "avg_hallucination_rate": 0.008992140545538605,
  "avg_system_correctness": 0.9713334261579876,
  "policy_violation_rate": 0.021003500583430573,
  "total_policy_violations": 18,
  "total_cost": 0.5484467000000003,
  "avg_latency_per_turn": 4.303277074108324,
  "inform_rate": 12.3,
  "success_rate": 1.8,
  "bleu": 1.4574,
  "combined": 8.5074
}