{
  "experiment": "exp2",
  "evaluation_level": "dataset",
  "split": "dev",
  "timestamp": "2026-03-05 12:07:59",
  "model_name": "homo_claude",
  "configuration": "homo_claude",
  "models": {
    "triage": "claude-3-haiku-20240307",
    "action": "claude-3-haiku-20240307",
    "supervisor": "claude-3-haiku-20240307"
  },
  "base_models": null,
  "num_dialogues": 171,
  "failed_dialogues": 0,
  "task_success_rate": 0.09523809523809523,
  "avg_intent_accuracy": 0.7182898323249198,
  "avg_domain_accuracy": 0.9437330700488594,
  "avg_action_type_accuracy": 0.2480049028294643,
  "avg_action_type_f1": 0.4465960425755748,
  "avg_slot_accuracy": 0.5242924990103703,
  "avg_slot_f1": 0.5163555578454498,
  "avg_jga": 0.0787710015780191,
  "avg_hallucination_rate": 0.028715728715728712,
  "avg_system_correctness": 0.9549684396175625,
  "policy_violation_rate": 0.023446658851113716,
  "total_policy_violations": 20,
  "total_cost": 0.7300717499999996,
  "avg_latency_per_turn": 4.137794806278046,
  "inform_rate": 12.3,
  "success_rate": 1.8,
  "bleu": 0.8998,
  "combined": 7.9498
}