{
  "experiment": "exp2",
  "evaluation_level": "dataset",
  "split": "dev",
  "timestamp": "2026-03-05 17:05:10",
  "model_name": "hetero_gpt_gpt_claude",
  "configuration": "hetero_gpt_gpt_claude",
  "models": {
    "triage": "gpt-4o-mini",
    "action": "gpt-4o-mini",
    "supervisor": "claude-3-haiku-20240307"
  },
  "base_models": null,
  "num_dialogues": 171,
  "failed_dialogues": 0,
  "task_success_rate": 0.11904761904761904,
  "avg_intent_accuracy": 0.6816648101735816,
  "avg_domain_accuracy": 0.9562030075187967,
  "avg_action_type_accuracy": 0.2541399795785762,
  "avg_action_type_f1": 0.46027452891487997,
  "avg_slot_accuracy": 0.5656626772054228,
  "avg_slot_f1": 0.5330609497936375,
  "avg_jga": 0.07386057736934928,
  "avg_hallucination_rate": 0.008960573476702509,
  "avg_system_correctness": 0.9547874315418176,
  "policy_violation_rate": 0.04033214709371293,
  "total_policy_violations": 34,
  "total_cost": 0.42278104999999994,
  "avg_latency_per_turn": 12.838444715999907,
  "inform_rate": 12.3,
  "success_rate": 1.8,
  "bleu": 1.211,
  "combined": 8.261
}