{
  "experiment": "exp2",
  "evaluation_level": "dataset",
  "split": "dev",
  "timestamp": "2026-03-05 10:55:59",
  "model_name": "homo_gpt",
  "configuration": "homo_gpt",
  "models": {
    "triage": "gpt-4o-mini",
    "action": "gpt-4o-mini",
    "supervisor": "gpt-4o-mini"
  },
  "base_models": null,
  "num_dialogues": 171,
  "failed_dialogues": 0,
  "task_success_rate": 0.1111111111111111,
  "avg_intent_accuracy": 0.6915430411044444,
  "avg_domain_accuracy": 0.9575812426689618,
  "avg_action_type_accuracy": 0.257667949334616,
  "avg_action_type_f1": 0.4670425010337293,
  "avg_slot_accuracy": 0.5696358832901576,
  "avg_slot_f1": 0.5313396670089355,
  "avg_jga": 0.06673628515733776,
  "avg_hallucination_rate": 0.006340579710144928,
  "avg_system_correctness": 0.9632159101457346,
  "policy_violation_rate": 0.03496503496503497,
  "total_policy_violations": 30,
  "total_cost": 0.3531641999999992,
  "avg_latency_per_turn": 5.442250207031801,
  "inform_rate": 12.3,
  "success_rate": 1.8,
  "bleu": 1.3939,
  "combined": 8.4439
}