{
  "experiment": "exp1",
  "evaluation_level": "dataset",
  "split": "validation",
  "timestamp": "2026-02-24 16:07:57",
  "model_name": "claude-3-haiku-20240307",
  "configuration": null,
  "models": null,
  "base_models": null,
  "num_dialogues": 171,
  "failed_dialogues": 0,
  "task_success_rate": 0.12280701754385964,
  "avg_intent_accuracy": 0.8738257681240136,
  "avg_domain_accuracy": 0.9435788545437668,
  "avg_action_type_accuracy": 0.412194838949225,
  "avg_slot_accuracy": 0.6911511436429634,
  "avg_jga": 0.29228627123363976,
  "avg_hallucination_rate": 0.25565929631545053,
  "avg_system_correctness": 0.40766267520653493,
  "avg_memory_transfer_accuracy": 0.0,
  "policy_violation_rate": 0.24940898345153664,
  "total_policy_violations": 211
}