{
  "experiment": "exp1",
  "evaluation_level": "dataset",
  "split": "validation",
  "timestamp": "2026-02-24 00:35:41",
  "model_name": "claude-3-haiku-20240307",
  "configuration": null,
  "models": null,
  "base_models": null,
  "num_dialogues": 171,
  "failed_dialogues": 0,
  "task_success_rate": 0.12280701754385964,
  "avg_intent_accuracy": 0.871932145177759,
  "avg_domain_accuracy": 0.9434953123549613,
  "avg_action_type_accuracy": 0.41384479717813066,
  "avg_slot_accuracy": 0.692934726021784,
  "avg_jga": 0.29175717070453916,
  "avg_hallucination_rate": 0.25571151018345384,
  "avg_system_correctness": 0.4069386429035552,
  "avg_memory_transfer_accuracy": 0.30797101449275366,
  "policy_violation_rate": 0.25177304964539005,
  "total_policy_violations": 213
}