{
  "experiment": "exp1",
  "evaluation_level": "dataset",
  "split": "dev",
  "timestamp": "2026-03-05 08:17:07",
  "model_name": "gpt-4o-mini",
  "configuration": null,
  "models": null,
  "base_models": null,
  "num_dialogues": 120,
  "failed_dialogues": 0,
  "task_success_rate": 0.0,
  "avg_intent_accuracy": 0.7182738095238094,
  "avg_domain_accuracy": 0.9001984126984126,
  "avg_action_type_accuracy": 0.16519841269841265,
  "avg_action_type_f1": 0.2889054232804231,
  "avg_slot_accuracy": 0.5341606606576844,
  "avg_slot_f1": 0.5387364781896975,
  "avg_jga": 0.09125,
  "avg_hallucination_rate": 0.0,
  "avg_system_correctness": 0.6958333333333334,
  "policy_violation_rate": 0.33405172413793105,
  "total_policy_violations": 155,
  "total_cost": 0.15386145000000004,
  "avg_latency_per_turn": 5.488713339484971,
  "inform_rate": 12.5,
  "success_rate": 1.7,
  "bleu": 1.5281,
  "combined": 8.6281
}