{
  "experiment": "exp1",
  "evaluation_level": "dataset",
  "split": "dev",
  "timestamp": "2026-03-05 09:25:46",
  "model_name": "claude-3-haiku-20240307",
  "configuration": null,
  "models": null,
  "base_models": null,
  "num_dialogues": 118,
  "failed_dialogues": 0,
  "task_success_rate": 0.0,
  "avg_intent_accuracy": 0.7510828625235402,
  "avg_domain_accuracy": 0.8794020715630885,
  "avg_action_type_accuracy": 0.1521926284638149,
  "avg_action_type_f1": 0.4031037575105372,
  "avg_slot_accuracy": 0.6051708930810021,
  "avg_slot_f1": 0.6062123274199741,
  "avg_jga": 0.12776432606941082,
  "avg_hallucination_rate": 0.0,
  "avg_system_correctness": 0.7904560129136399,
  "policy_violation_rate": 0.20361990950226244,
  "total_policy_violations": 90,
  "total_cost": 0.32007450000000004,
  "avg_latency_per_turn": 3.7751524750463563,
  "inform_rate": 12.7,
  "success_rate": 1.7,
  "bleu": 1.6933,
  "combined": 8.8933
}