{
  "experiment": "exp2",
  "evaluation_level": "dataset",
  "split": "dev",
  "timestamp": "2026-03-05 13:22:05",
  "model_name": "hetero_claude_gpt_claude",
  "configuration": "hetero_claude_gpt_claude",
  "models": {
    "triage": "claude-3-haiku-20240307",
    "action": "gpt-4o-mini",
    "supervisor": "claude-3-haiku-20240307"
  },
  "base_models": null,
  "num_dialogues": 118,
  "failed_dialogues": 0,
  "task_success_rate": 0.0,
  "avg_intent_accuracy": 0.6567124024751141,
  "avg_domain_accuracy": 0.9000437180521926,
  "avg_action_type_accuracy": 0.21693906376109762,
  "avg_action_type_f1": 0.46388272352255394,
  "avg_slot_accuracy": 0.4671856830618937,
  "avg_slot_f1": 0.4834943056999727,
  "avg_jga": 0.05148305084745763,
  "avg_hallucination_rate": 0.009157509157509156,
  "avg_system_correctness": 0.9799737691686844,
  "policy_violation_rate": 0.019867549668874173,
  "total_policy_violations": 9,
  "total_cost": 0.29977260000000006,
  "avg_latency_per_turn": 4.394059835943429,
  "inform_rate": 12.7,
  "success_rate": 1.7,
  "bleu": 1.3717,
  "combined": 8.5717
}