{
  "experiment": "exp2",
  "evaluation_level": "dataset",
  "split": "dev",
  "timestamp": "2026-03-05 10:56:05",
  "model_name": "homo_gpt",
  "configuration": "homo_gpt",
  "models": {
    "triage": "gpt-4o-mini",
    "action": "gpt-4o-mini",
    "supervisor": "gpt-4o-mini"
  },
  "base_models": null,
  "num_dialogues": 119,
  "failed_dialogues": 0,
  "task_success_rate": 0.0,
  "avg_intent_accuracy": 0.6282713085234093,
  "avg_domain_accuracy": 0.894357743097239,
  "avg_action_type_accuracy": 0.23015206082432965,
  "avg_action_type_f1": 0.4734126984126985,
  "avg_slot_accuracy": 0.4978340216928151,
  "avg_slot_f1": 0.4711739941970629,
  "avg_jga": 0.009183673469387754,
  "avg_hallucination_rate": 0.003205128205128205,
  "avg_system_correctness": 0.967406962785114,
  "policy_violation_rate": 0.036016949152542374,
  "total_policy_violations": 17,
  "total_cost": 0.20161980000000002,
  "avg_latency_per_turn": 5.525046254113569,
  "inform_rate": 12.6,
  "success_rate": 1.7,
  "bleu": 1.2524,
  "combined": 8.4024
}