{
  "experiment": "exp2",
  "evaluation_level": "dataset",
  "split": "dev",
  "timestamp": "2026-03-05 17:05:14",
  "model_name": "hetero_gpt_gpt_claude",
  "configuration": "hetero_gpt_gpt_claude",
  "models": {
    "triage": "gpt-4o-mini",
    "action": "gpt-4o-mini",
    "supervisor": "claude-3-haiku-20240307"
  },
  "base_models": null,
  "num_dialogues": 119,
  "failed_dialogues": 0,
  "task_success_rate": 0.0,
  "avg_intent_accuracy": 0.6143357342937174,
  "avg_domain_accuracy": 0.8955482192877151,
  "avg_action_type_accuracy": 0.22378951580632245,
  "avg_action_type_f1": 0.4606625983726824,
  "avg_slot_accuracy": 0.4778587534469887,
  "avg_slot_f1": 0.4605745079174015,
  "avg_jga": 0.01953781512605042,
  "avg_hallucination_rate": 0.0043859649122807015,
  "avg_system_correctness": 0.9559323729491798,
  "policy_violation_rate": 0.04721030042918455,
  "total_policy_violations": 22,
  "total_cost": 0.23944035000000002,
  "avg_latency_per_turn": 12.471805937812052,
  "inform_rate": 12.6,
  "success_rate": 1.7,
  "bleu": 1.0396,
  "combined": 8.1896
}