{
  "experiment": "exp2",
  "evaluation_level": "dataset",
  "split": "dev",
  "timestamp": "2026-03-05 12:08:04",
  "model_name": "homo_claude",
  "configuration": "homo_claude",
  "models": {
    "triage": "claude-3-haiku-20240307",
    "action": "claude-3-haiku-20240307",
    "supervisor": "claude-3-haiku-20240307"
  },
  "base_models": null,
  "num_dialogues": 119,
  "failed_dialogues": 0,
  "task_success_rate": 0.0,
  "avg_intent_accuracy": 0.6787414965986395,
  "avg_domain_accuracy": 0.8925870348139255,
  "avg_action_type_accuracy": 0.22900160064025604,
  "avg_action_type_f1": 0.4676387221555289,
  "avg_slot_accuracy": 0.45262546821370336,
  "avg_slot_f1": 0.4619145294036907,
  "avg_jga": 0.038445378151260506,
  "avg_hallucination_rate": 0.016717325227963525,
  "avg_system_correctness": 0.9746898759503801,
  "policy_violation_rate": 0.017660044150110375,
  "total_policy_violations": 8,
  "total_cost": 0.4040999999999996,
  "avg_latency_per_turn": 4.185136897674459,
  "inform_rate": 12.6,
  "success_rate": 1.7,
  "bleu": 0.9343,
  "combined": 8.0843
}