{
  "experiment": "exp1",
  "evaluation_level": "dataset",
  "split": "validation",
  "timestamp": "2026-02-25 01:29:13",
  "model_name": "claude-3-haiku-20240307",
  "configuration": null,
  "models": null,
  "base_models": null,
  "num_dialogues": 171,
  "failed_dialogues": 0,
  "task_success_rate": 0.11695906432748537,
  "avg_intent_accuracy": 0.8594413221606202,
  "avg_domain_accuracy": 0.9281013982768369,
  "avg_action_type_accuracy": 0.48444575242820886,
  "avg_slot_accuracy": 0.6558243885731002,
  "avg_jga": 0.2722361459203565,
  "avg_hallucination_rate": 0.06964964821063399,
  "avg_system_correctness": 0.667553353079669,
  "avg_memory_transfer_accuracy": 0.0,
  "policy_violation_rate": 0.2676056338028169,
  "total_policy_violations": 228,
  "total_cost": 0.23844325000000025,
  "avg_latency_per_turn": 2.5231348721074385
}