{
  "experiment": "exp1",
  "evaluation_level": "dataset",
  "split": "validation",
  "timestamp": "2026-02-25 00:44:50",
  "model_name": "gpt-4o-mini",
  "configuration": null,
  "models": null,
  "base_models": null,
  "num_dialogues": 171,
  "failed_dialogues": 0,
  "task_success_rate": 0.11695906432748537,
  "avg_intent_accuracy": 0.8671947123701508,
  "avg_domain_accuracy": 0.9379574778697585,
  "avg_action_type_accuracy": 0.22888745432605084,
  "avg_slot_accuracy": 0.6240459192521638,
  "avg_jga": 0.24504316346421606,
  "avg_hallucination_rate": 0.06696191737962834,
  "avg_system_correctness": 0.6719116815608043,
  "avg_memory_transfer_accuracy": 0.0,
  "policy_violation_rate": 0.25757575757575757,
  "total_policy_violations": 221,
  "total_cost": 0.11259164999999995,
  "avg_latency_per_turn": 3.5294827047761506
}